MPO,parcel_acres,residential_units_2019,sf_units_2019,mf_units_2019,ind_jobs_2019,rtl_jobs_2019,off_jobs_2019,residential_units_2050,sf_units_2050,mf_units_2050,ind_jobs_2050,rtl_jobs_2050,off_jobs_2050
MAG,385462.70000006165,191877,127132,63080,15413,63615,230800,398037,272890,125989,19722,98326,396829
WFRC,417002.0499997855,640177,411218,228288,103776,195685,785236,1016552,581626,438814,115942,260396,1164924
