MPO,parcel_acres,residential_units_2019,sf_units_2019,mf_units_2019,ind_jobs_2019,rtl_jobs_2019,off_jobs_2019,ttl_jobs_2019,residential_units_2050,sf_units_2050,mf_units_2050,ind_jobs_2050,rtl_jobs_2050,off_jobs_2050,ttl_jobs_2050
MAG,385462.70000006165,190212,127132,63080,37023,63615,230800,331438,398879,272890,125989,48233,98326,396829,543388
WFRC,417002.0499997855,639506,411218,228288,193619,195685,785236,1174540,1020440,581626,438814,225598,260396,1164924,1650918
