COUNTY_NAME,parcel_acres,residential_units_2019,sf_units_2019,mf_units_2019,ind_jobs_2019,rtl_jobs_2019,off_jobs_2019,residential_units_2050,sf_units_2050,mf_units_2050,ind_jobs_2050,rtl_jobs_2050,off_jobs_2050
DAVIS,80697.39000001152,118832,88539,30293,10730,30927,122288,213147,127743,84877,11240,43135,177439
SALT LAKE,237550.750000202,428795,258325,170430,84857,141229,580944,651280,346295,310053,96563,188718,877542
UTAH,385492.1000000618,191877,127132,63080,15413,63615,230800,398037,272890,125989,19722,98326,396829
WEBER,98724.51000000486,92550,64354,27565,8189,23529,82004,152125,107588,43884,8139,28543,109943
