INFILL1990,parcel_acres,residential_units_2019,sf_units_2019,mf_units_2019,ind_jobs_2019,rtl_jobs_2019,off_jobs_2019,ttl_jobs_2019,residential_units_2050,sf_units_2050,mf_units_2050,ind_jobs_2050,rtl_jobs_2050,off_jobs_2050,ttl_jobs_2050
0,662465.9800004648,347063,258448,88615,139373,109518,363511,612402,774937,521544,253393,186287,186291,753371,1125949
1,139998.7699999509,482655,279902,202753,91269,149782,652525,893576,644382,332972,311410,87544,172431,808382,1068357
