COUNTY_NAME,parcel_acres,residential_units_2019,sf_units_2019,mf_units_2019,ind_jobs_2019,rtl_jobs_2019,off_jobs_2019,ttl_jobs_2019,residential_units_2050,sf_units_2050,mf_units_2050,ind_jobs_2050,rtl_jobs_2050,off_jobs_2050,ttl_jobs_2050
DAVIS,80697.39000001152,118832,88539,30293,25499,30927,122288,178714,212620,127743,84877,28412,43135,177439,248986
SALT LAKE,237550.750000202,428755,258325,170430,144707,141229,580944,866880,656348,346295,310053,169448,188718,877542,1235708
UTAH,385492.1000000618,190212,127132,63080,37023,63615,230800,331438,398879,272890,125989,48233,98326,396829,543388
WEBER,98724.51000000486,91919,64354,27565,23413,23529,82004,128946,151472,107588,43884,27738,28543,109943,166224
