CENTER_TYPE,parcel_acres,residential_units_19,sf_units_19,mf_units_19,job_spaces_19,ind_jobs_19,rtl_jobs_19,off_jobs_19,ttl_jobs_19,vacant_acres_19,vacant_devacres_19,residential_units_50,sf_units_50,mf_units_50,job_spaces_50,ind_jobs_50,rtl_jobs_50,off_jobs_50,ttl_jobs_50,vacant_acres_50,vacant_devacres_50
City Center,20586.16000000027,52167,7817,44350,230169,16607,62206,142548,221361,7266,3606,142195,14331,127864,317868,17952,75229,199459,292640,3483,324
Educational Center,697.42,201,15,186,13351,30,132,22665,22827,6,2,230,39,191,13323,34,105,21712,21851,4,0
Employment District,7818.870000000027,865,90,775,110288,19247,9989,79511,108747,3091,1411,2740,1413,1327,161553,22286,16966,106615,145867,1760,967
Industrial District,37856.349999999824,314,160,154,160491,95225,9384,51612,156221,14914,1861,2468,617,1851,276369,113722,18906,119478,252106,8626,6649
Metropolitan Center,1349.469999999998,10409,472,9937,102596,2310,16938,82746,101994,162,104,19016,389,18627,170586,2391,27158,131661,161210,37,0
Neighborhood Center,5877.900000000026,16476,1496,14980,77034,3970,18554,51263,73787,1875,1109,32491,1301,31190,109199,4209,25565,66157,95931,787,170
Non-center,706500.3900007164,711456,524768,186688,587577,67488,91843,400437,559768,437589,92885,1115711,834193,281518,899215,90116,132141,615915,838172,343052,32876
Special District,10713.700000000052,2369,183,2186,61260,13438,2850,43598,59886,806,216,3239,193,3046,62640,13166,3425,57263,73854,751,169
Urban Center,11064.490000000143,35461,3349,32112,205958,12327,47404,141656,201387,2946,1041,101229,2040,99189,329897,9955,59227,243493,312675,1938,63
