CENTER_TYPE,parcel_acres,residential_units_2019,sf_units_2019,mf_units_2019,ind_jobs_2019,rtl_jobs_2019,off_jobs_2019,residential_units_2050,sf_units_2050,mf_units_2050,ind_jobs_2050,rtl_jobs_2050,off_jobs_2050
City Center,20586.16000000027,52613,7817,44350,8326,62206,142548,135593,14331,127864,7469,75229,199459
Educational Center,697.42,488,15,186,0,132,22665,517,39,191,2,105,21712
Employment District,7818.870000000027,868,90,775,7903,9989,79511,2744,1413,1327,7625,16966,106615
Industrial District,37856.349999999824,344,160,154,44793,9384,51612,2498,617,1851,51435,18906,119478
Metropolitan Center,1349.469999999998,10588,472,9937,1351,16938,82746,19206,389,18627,1478,27158,131661
Neighborhood Center,5877.900000000026,16583,1496,14980,2021,18554,51263,32622,1301,31190,2210,25565,66157
Non-center,706500.3900007164,711928,524768,186688,39490,91843,400437,1114525,834193,281518,51361,132141,615915
Special District,10713.700000000052,2369,183,2186,9864,2850,43598,3245,193,3046,9652,3425,57263
Urban Center,11064.490000000143,36273,3349,32112,5441,47404,141656,103639,2040,99189,4432,59227,243493
