INFILL1990,parcel_acres,residential_units_2019,sf_units_2019,mf_units_2019,ind_jobs_2019,rtl_jobs_2019,off_jobs_2019,residential_units_2050,sf_units_2050,mf_units_2050,ind_jobs_2050,rtl_jobs_2050,off_jobs_2050
0,662465.9800004648,348125,258448,88615,72269,109518,363511,768570,521544,253393,90929,186291,753371
1,139998.7699999509,483929,279902,202753,46920,149782,652525,646019,332972,311410,44735,172431,808382
