COUNTY_NAME,ind_jobs_2019,ind_jobs_2019,ind_jobs_2050,ind_jobs_2050,mf_units_2019,mf_units_2019,mf_units_2050,mf_units_2050,off_jobs_2019,off_jobs_2019,off_jobs_2050,off_jobs_2050,parcel_acres,parcel_acres,residential_units_2019,residential_units_2019,residential_units_2050,residential_units_2050,rtl_jobs_2019,rtl_jobs_2019,rtl_jobs_2050,rtl_jobs_2050,sf_units_2019,sf_units_2019,sf_units_2050,sf_units_2050,ttl_jobs_2019,ttl_jobs_2019,ttl_jobs_2050,ttl_jobs_2050
,0,1,0,1,0,1,0,1,0,1,0,1,0,1,0,1,0,1,0,1,0,1,0,1,0,1,0,1,0,1
DAVIS,13935,11564,17147,11265,16548,13745,51088,33789,77798,44490,123721,53718,65849.78000000547,14847.609999999722,77042,41790,145280,67340,18518,12409,27711,15424,60494,28045,94192,33551,110251,68463,168579,80407
SALT LAKE,80293,64414,108915,60533,35002,135428,102580,207473,154600,426344,335964,541578,158613.7899999791,78936.9600000287,122651,306104,248086,408262,44070,97159,72662,116056,87649,170676,145506,200789,278963,587917,517541,718167
UTAH,25871,11152,36918,11315,25304,37776,75304,50685,89936,140864,236778,160051,351139.71000004373,34352.38999999859,99172,91040,282939,115940,31226,32389,66386,31940,73868,53264,207635,65255,147033,184405,340082,203306
WEBER,19274,4139,23307,4431,11761,15804,24421,19463,41177,40827,56908,53035,86862.69999999998,11861.80999999904,48198,43721,98632,52840,15704,7825,19532,9011,36437,27917,74211,33377,76155,52791,99747,66477
