county_id,residential_units,job_spaces,job_spaces_added,res_units_added,building_count,acreage_dev,acreage_redev,total_value,value_added_dev,value_added_redev,res_units_added_dev,res_units_added_redev,acreage_dev_res,acreage_dev_nonres,acreage_redev_res,acreage_redev_nonres
3,0.0,0.0,0.0,0.0,0.0,0.0,0.0,691996.384305243,0.0,0.0,0.0,0.0,0.0,0.0,0.0,0.0
11,179447.0,241520.0,1654.0,2206.0,100996.0,186.1208334230001,158.02162316100006,48212089382.97104,374494375.01435804,291909254.8739974,774.0,1432.0,149.62935637400003,36.491477049000004,138.20910988400001,19.812513277000004
35,597289.0,1216297.0,7734.0,5844.0,343120.0,629.0224318030001,225.59967900300006,55025240857932.58,1127177218.1723535,1003371803.6185392,3808.0,2036.0,449.3445013389998,179.67793046399999,124.39077868899999,101.20890031399996
49,374032.0,543312.0,11952.0,8458.0,175936.0,2628.1384580999998,281.4596861359999,236469930472624.03,2485451012.228733,350934885.7210948,7168.0,1290.0,2448.0984055209988,180.040052579,261.17654457299994,20.283141562999997
57,137843.0,174947.0,1451.0,1491.0,89873.0,174.00525281599997,73.90151974599999,30025344942.626472,244642774.01556048,151200854.98267582,722.0,769.0,144.33352032899998,29.671732487,68.71954262399998,5.181977121999999
