county_id,residential_units,job_spaces,job_spaces_added,res_units_added,building_count,acreage_dev,acreage_redev,total_value,value_added_dev,value_added_redev,res_units_added_dev,res_units_added_redev,acreage_dev_res,acreage_dev_nonres,acreage_redev_res,acreage_redev_nonres
3,0.0,0.0,0.0,0.0,0.0,0.0,0.0,691996.384305243,0.0,0.0,0.0,0.0,0.0,0.0,0.0,0.0
11,194122.0,259071.0,1911.0,1683.0,101740.0,106.891117012,145.42516556000004,50589861529.38638,204897030.9330977,327389367.27856255,500.0,1183.0,77.26746456099998,29.623652450999998,123.00477932099996,22.420386239
35,642885.0,1311795.0,20955.0,5738.0,346242.0,820.5432981010002,586.7996248709997,49530506143384.4,1013810209.5900685,3148674295.7307563,3678.0,2060.0,629.9150785740005,190.62821952700006,221.86987866800004,364.92974620299987
49,441720.0,628662.0,8571.0,8477.0,184482.0,2908.501259626999,570.4402782749994,1053212695536.8245,2171161748.6591353,417751633.98740804,6512.0,1965.0,2713.4868366,195.014423027,558.0153794279995,12.424898847
57,148143.0,182382.0,536.0,1189.0,90403.0,120.481116102,69.00734957200001,31282890736.767178,73619552.92065282,158118894.31265226,393.0,796.0,112.204354413,8.276761688999999,62.965951667000006,6.041397905
