county_id,residential_units,job_spaces,job_spaces_added,res_units_added,building_count,acreage_dev,acreage_redev,total_value,value_added_dev,value_added_redev,res_units_added_dev,res_units_added_redev,acreage_dev_res,acreage_dev_nonres,acreage_redev_res,acreage_redev_nonres
3,0.0,0.0,0.0,0.0,0.0,0.0,0.0,691996.384305243,0.0,0.0,0.0,0.0,0.0,0.0,0.0,0.0
11,208714.0,277658.0,2001.0,1949.0,102524.0,186.85378775800004,214.86224839399998,53922922237.50878,241864837.59515005,360023847.9237809,565.0,1384.0,134.17705399500002,52.67673376299999,178.30337703499993,36.558871359
35,691677.0,1372548.0,7736.0,6055.0,349778.0,1277.6989849119987,400.9712376470003,70131898103735.58,1052542865.7794027,1207319349.1374595,4461.0,1594.0,1119.7650151749986,157.933969737,269.2348716420003,131.73636600500004
49,492352.0,725106.0,12096.0,1055.0,192203.0,472.458723439,326.6856186949999,1077831962864.1064,937234008.4379711,694221808.660816,27.0,1028.0,128.961265127,343.4974583119999,230.24803747099998,96.43758122400003
57,157791.0,185983.0,474.0,1239.0,90977.0,152.77931069100003,75.61019305399999,32619946944.973576,118443201.48017502,127730819.90312272,573.0,666.0,142.75605883100002,10.02325186,73.044599684,2.5655933699999998
