county_id,residential_units,job_spaces,job_spaces_added,res_units_added,building_count,acreage_dev,acreage_redev,total_value,value_added_dev,value_added_redev,res_units_added_dev,res_units_added_redev,acreage_dev_res,acreage_dev_nonres,acreage_redev_res,acreage_redev_nonres
3,0.0,0.0,0.0,0.0,0.0,0.0,0.0,691996.384305243,0.0,0.0,0.0,0.0,0.0,0.0,0.0,0.0
11,150215.0,213411.0,3071.0,2489.0,99565.0,233.69632719999993,119.64883634899999,42583804963.66055,523484942.32224846,174184052.69000638,1388.0,1101.0,166.09748466999994,67.59884253,113.70395677900002,5.94487957
35,514984.0,1072106.0,12647.0,7046.0,338722.0,587.655530641,184.406605233,50134241725742.47,1799009381.7273798,1410958281.3668232,4814.0,2232.0,380.9030177170001,206.75251292399997,113.48347848399999,70.92312674899999
49,274501.0,425325.0,7633.0,7502.0,164432.0,1759.9693384530005,211.97445202500012,330881257362526.94,1893911267.200768,317206333.7003194,6070.0,1432.0,1590.719765544001,169.249572909,209.08753550400013,2.8869165210000003
57,117888.0,157040.0,1724.0,1805.0,88854.0,146.36408433,71.58897533400003,26375681729.690815,207221265.11924118,267339962.0111272,700.0,1105.0,101.33110958000003,45.032974749999994,64.81992684299999,6.769048491
