county_id,residential_units,job_spaces,job_spaces_added,res_units_added,building_count,acreage_dev,acreage_redev,total_value,value_added_dev,value_added_redev,res_units_added_dev,res_units_added_redev,acreage_dev_res,acreage_dev_nonres,acreage_redev_res,acreage_redev_nonres
3,0.0,0.0,0.0,0.0,0.0,0.0,0.0,691996.384305243,0.0,0.0,0.0,0.0,0.0,0.0,0.0,0.0
11,138210.0,197867.0,3929.0,2403.0,98853.0,297.30561870300005,114.63807598100007,39769154908.012375,458988378.03479034,301937503.82775605,1185.0,1218.0,196.393759958,100.91185874500002,99.49394022500003,15.144135755999997
35,480412.0,1005030.0,14744.0,7125.0,336949.0,650.5770546920002,143.55714211300005,32105765018096.742,1955339416.0349505,1472506929.567228,5094.0,2031.0,392.475055516,258.10199917600005,100.25009673299995,43.307045379999984
49,238336.0,381469.0,7593.0,6989.0,159903.0,1762.989042774002,138.33652577900003,50901799680827.31,1902609211.7698743,230344558.18789992,6155.0,834.0,1490.0038684420008,272.9851743319999,125.3030548,13.033470979
57,108660.0,146532.0,1509.0,1951.0,88404.0,142.68880627599995,89.83673979200002,24436616988.824093,288550246.8200429,165419790.1756101,954.0,997.0,122.75702724500002,19.931779031,84.27244285000002,5.5642969419999995
