county_id,residential_units,job_spaces,job_spaces_added,res_units_added,building_count,acreage_dev,acreage_redev,total_value,value_added_dev,value_added_redev,res_units_added_dev,res_units_added_redev,acreage_dev_res,acreage_dev_nonres,acreage_redev_res,acreage_redev_nonres
3,0.0,0.0,0.0,0.0,0.0,0.0,0.0,691996.384305243,0.0,0.0,0.0,0.0,0.0,0.0,0.0,0.0
11,125503.0,178876.0,3584.0,2733.0,97966.0,253.77434303100011,94.344041515,36989882133.232994,511754116.7807465,227984149.20379528,1872.0,861.0,170.85622351300003,82.91811951800001,82.52549640200002,11.818545112999999
35,440599.0,913373.0,23048.0,9003.0,334271.0,696.0970990600006,218.46322697299996,28387786986050.94,2557182333.6449842,2522455038.789719,6271.0,2732.0,395.79593071700026,300.301168343,110.49102947700001,107.97219749599998
49,203997.0,337105.0,10206.0,6846.0,155379.0,1478.311164167,95.60564009199996,60004975636747.36,2029606927.7866457,239474773.23705143,6004.0,842.0,1106.6171123240008,371.6940518430002,76.77340188499998,18.832238207
57,98077.0,134819.0,1471.0,2345.0,87740.0,118.145499473,102.85569129000002,22303984216.826622,244126552.99814925,183987626.52046463,816.0,1529.0,91.36095105399998,26.784548419,96.87094175100002,5.984749539
