county_id,residential_units,job_spaces,job_spaces_added,res_units_added,building_count,acreage_dev,acreage_redev,total_value,value_added_dev,value_added_redev,res_units_added_dev,res_units_added_redev,acreage_dev_res,acreage_dev_nonres,acreage_redev_res,acreage_redev_nonres
3,0.0,0.0,0.0,0.0,0.0,0.0,0.0,691996.384305243,0.0,0.0,0.0,0.0,0.0,0.0,0.0,0.0
11,145679.0,207377.0,618.0,2751.0,99252.0,201.29585216299995,160.28774602699994,41259201821.348114,239041650.08750206,225698930.2903224,1119.0,1632.0,179.011508352,22.284343810999996,120.89397687499996,39.393769152000004
35,500977.0,1047060.0,13315.0,6938.0,338005.0,426.0644633619999,214.52042598999998,47065713867431.97,1470373629.494128,1975924657.5745063,3530.0,3408.0,240.0838951079999,185.98056825400002,178.10961048099995,36.410815508999995
49,259681.0,408880.0,10169.0,7222.0,162567.0,1929.7666940839997,94.69255097499997,301483753211631.5,2233397342.279481,156069269.10772035,6617.0,605.0,1674.912733689,254.85396039500006,86.36386009499998,8.32869088
57,114314.0,153400.0,1440.0,1761.0,88669.0,110.98563580600002,75.70875995400002,25558136440.521214,265121292.70563316,184874396.0552405,800.0,961.0,95.528844387,15.456791419,70.60853709199999,5.100222862000001
