county_id,residential_units,job_spaces,job_spaces_added,res_units_added,building_count,acreage_dev,acreage_redev,total_value,value_added_dev,value_added_redev,res_units_added_dev,res_units_added_redev,acreage_dev_res,acreage_dev_nonres,acreage_redev_res,acreage_redev_nonres
3,0.0,0.0,0.0,0.0,0.0,0.0,0.0,691996.384305243,0.0,0.0,0.0,0.0,0.0,0.0,0.0,0.0
11,174978.0,240212.0,874.0,2300.0,100795.0,113.787956613,178.83771576500013,47429750008.7475,194019429.20922482,399792059.4861994,812.0,1488.0,96.57152983099999,17.216426782,132.39939262700005,46.438323138
35,584719.0,1194068.0,12038.0,6617.0,342501.0,484.18064028199996,365.2896403630002,52444245041142.23,1041996639.6365858,1259588923.7569149,1886.0,4731.0,238.62433897699995,245.55630130499992,276.8693992640001,88.42024109899998
49,357136.0,519716.0,8265.0,8470.0,173966.0,2494.763025790002,242.27102583999994,205110817688585.62,2157834477.538943,257440346.02341533,7267.0,1203.0,2313.8428996310017,180.92012615900003,238.43267621799993,3.8383496220000004
57,134809.0,172050.0,739.0,1850.0,89719.0,135.45304303100005,128.19113117300006,29379081927.88553,175114071.17611963,146364655.15476617,757.0,1093.0,112.25730031300003,23.195742717999998,128.01727957900007,0.173851594
