county_id,residential_units,job_spaces,job_spaces_added,res_units_added,building_count,acreage_dev,acreage_redev,total_value,value_added_dev,value_added_redev,res_units_added_dev,res_units_added_redev,acreage_dev_res,acreage_dev_nonres,acreage_redev_res,acreage_redev_nonres
3,0.0,0.0,0.0,0.0,0.0,0.0,0.0,691996.384305243,0.0,0.0,0.0,0.0,0.0,0.0,0.0,0.0
11,204962.0,272917.0,2446.0,2142.0,102315.0,159.658553693,177.628050541,53064510629.226944,288654671.9059819,306303945.73284316,620.0,1522.0,108.35346587699999,51.30508781599998,141.63592395800006,35.99212658300001
35,680017.0,1359435.0,5890.0,6558.0,348699.0,970.7706940049999,313.15187495399977,68067056008561.49,981097693.7845628,1485093728.4189851,4217.0,2341.0,901.5207445320001,69.24994947299999,240.89960529399997,72.25226966000002
49,490431.0,700164.0,12248.0,6710.0,191754.0,5920.664591363002,1002.3704718430001,1005881544293.7604,1488676989.94972,1133190130.7262344,4435.0,2275.0,5603.748679628,316.9159117349999,979.0289664360002,23.341505407
57,155321.0,185156.0,450.0,1245.0,90823.0,148.91947925999997,110.89607863499994,32300603286.747433,92532630.19651747,147552141.4475983,496.0,749.0,140.263462837,8.656016423,106.14286449599997,4.753214139000001
