county_id,residential_units,job_spaces,job_spaces_added,res_units_added,building_count,acreage_dev,acreage_redev,total_value,value_added_dev,value_added_redev,res_units_added_dev,res_units_added_redev,acreage_dev_res,acreage_dev_nonres,acreage_redev_res,acreage_redev_nonres
3,0.0,0.0,0.0,0.0,0.0,0.0,0.0,691996.384305243,0.0,0.0,0.0,0.0,0.0,0.0,0.0,0.0
11,177241.0,239866.0,-346.0,2263.0,100886.0,104.849243144,144.99443631600002,47679273655.63053,149841480.5683458,255839812.7457552,551.0,1712.0,88.21033557000001,16.638907574,135.15977072399994,9.834665592
35,591445.0,1208563.0,14495.0,6726.0,342808.0,658.8030132479997,279.420950304,53732296722450.055,1911447297.3903086,1280971666.0610921,3561.0,3165.0,407.27646176799976,251.52655148,189.99502532400007,89.42592498000003
49,365574.0,531360.0,11644.0,8438.0,175020.0,2686.2212693390006,294.377601211,219403076720859.28,2483266151.648406,277194737.8868577,7241.0,1197.0,2489.398212097001,196.82305724200003,285.48920523899994,8.888395972000001
57,136352.0,173496.0,1446.0,1543.0,89791.0,150.29855128900002,84.66745623899995,29720278587.44051,186548148.7048439,240877750.69163233,525.0,1018.0,123.98578433699998,26.312766952000004,72.39529613499998,12.272160104
