county_id,residential_units,job_spaces,job_spaces_added,res_units_added,building_count,acreage_dev,acreage_redev,total_value,value_added_dev,value_added_redev,res_units_added_dev,res_units_added_redev,acreage_dev_res,acreage_dev_nonres,acreage_redev_res,acreage_redev_nonres
3,0.0,0.0,0.0,0.0,0.0,0.0,0.0,691996.384305243,0.0,0.0,0.0,0.0,0.0,0.0,0.0,0.0
11,189018.0,251473.0,1883.0,1632.0,101463.0,128.70921962900002,120.75865499700008,49443338282.503456,234457509.2651586,251496111.9951888,494.0,1138.0,80.692633303,48.016586326,100.05944259000007,20.699212407000005
35,625707.0,1269869.0,11227.0,5326.0,344973.0,746.0867893850003,275.64639375799976,46974444028380.47,1189891275.5995624,1433304269.8105307,3329.0,1997.0,494.3199048790002,251.76688450600017,180.800093716,94.84630004199995
49,416503.0,597891.0,13869.0,8385.0,181232.0,2797.3515956749998,482.15383742299997,878797956800.5859,2054041678.1274319,999822850.2693065,6683.0,1702.0,2607.9511262319993,189.400469443,462.2427178149999,19.911119608
57,144589.0,180843.0,980.0,1299.0,90221.0,149.11887471400004,93.76237497600002,30862377003.78147,180851882.15097007,116070217.91840152,496.0,803.0,130.328387487,18.790487227,92.75678831700002,1.005586659
