county_id,residential_units,job_spaces,job_spaces_added,res_units_added,building_count,acreage_dev,acreage_redev,total_value,value_added_dev,value_added_redev,res_units_added_dev,res_units_added_redev,acreage_dev_res,acreage_dev_nonres,acreage_redev_res,acreage_redev_nonres
3,0.0,0.0,0.0,0.0,0.0,0.0,0.0,691996.384305243,0.0,0.0,0.0,0.0,0.0,0.0,0.0,0.0
11,130798.0,186574.0,3709.0,2683.0,98312.0,252.18193657199984,101.37953694099998,38005183479.08207,534737204.8342564,234399372.89042354,1711.0,972.0,172.766192233,79.41574433899999,80.85024755699997,20.529289384000002
35,457737.0,955090.0,21351.0,8686.0,335471.0,696.1384905270003,206.01719032600022,32198371424138.62,2096920918.363986,2902878286.6716576,5440.0,3246.0,380.67481498999996,315.4636755370002,145.59998382699996,60.417206498999974
49,217623.0,355325.0,9054.0,7054.0,157035.0,1531.1509617949987,131.29884970300006,71263518314958.36,1942546613.6214323,355413209.0685763,5982.0,1072.0,1207.7468470820004,323.4041147130001,101.43459253900001,29.864257163999994
57,102634.0,139673.0,2298.0,2314.0,88001.0,156.59642248599997,85.53858098699999,23200946737.472183,257443521.0716391,279042532.95639014,1257.0,1057.0,119.47492718199999,37.121495304,65.68121809399999,19.857362893000005
