county_id,residential_units,job_spaces,job_spaces_added,res_units_added,building_count,acreage_dev,acreage_redev,total_value,value_added_dev,value_added_redev,res_units_added_dev,res_units_added_redev,acreage_dev_res,acreage_dev_nonres,acreage_redev_res,acreage_redev_nonres
3,0.0,0.0,0.0,0.0,0.0,0.0,0.0,691996.384305243,0.0,0.0,0.0,0.0,0.0,0.0,0.0,0.0
11,114552.0,173224.0,549.0,5579.0,97341.0,504.66902453199975,153.00249168499988,35423623280.411354,552183599.4754409,338318331.0837203,4013.0,1566.0,503.45617071599986,1.212853816,142.54043841799992,10.462053267
35,406213.0,849965.0,3452.0,3747.0,331981.0,163.24646872299996,86.31969879100001,22635959355027.145,810168991.8544109,684584917.0575583,1908.0,1839.0,137.007407965,26.239060758,79.09061659300001,7.229082198
49,176299.0,309339.0,6313.0,5890.0,151798.0,1365.864796738,58.17388057000001,55063153705851.4,1615582085.9411142,128952234.80473046,5463.0,427.0,1146.4770240590008,219.38777267899994,45.561308859,12.612571711000001
57,95013.0,130836.0,822.0,0.0,87578.0,12.455135369000002,0.0,21689105037.196316,109792302.46251923,0.0,0.0,0.0,0.0,12.455135369000002,0.0,0.0
