county_id,residential_units,job_spaces,job_spaces_added,res_units_added,building_count,acreage_dev,acreage_redev,total_value,value_added_dev,value_added_redev,res_units_added_dev,res_units_added_redev,acreage_dev_res,acreage_dev_nonres,acreage_redev_res,acreage_redev_nonres
3,0.0,0.0,0.0,0.0,0.0,0.0,0.0,691996.384305243,0.0,0.0,0.0,0.0,0.0,0.0,0.0,0.0
11,163518.0,227824.0,3592.0,2901.0,100291.0,194.631487175,223.9570276379999,45408855292.64023,387985211.8260475,381423038.80172443,1069.0,1832.0,132.35895085700002,62.27253631799999,128.018533781,95.93849385699998
35,551096.0,1134147.0,12718.0,7237.0,340827.0,723.07645379,284.348357949,48681024149779.71,1661472846.2652183,1518650349.9052448,4768.0,2469.0,481.44249733099997,241.6339564590001,200.24230833700017,84.10604961200002
49,315084.0,470883.0,7559.0,8443.0,169323.0,2355.6199293780014,440.0317035170001,424265951596704.75,1942298113.908806,388521900.02678055,6955.0,1488.0,2181.3042319519996,174.315697426,413.6740421810001,26.357661336
57,126773.0,165947.0,2498.0,1728.0,89327.0,163.56656771300004,89.954399116,28189385302.451435,163783778.15791848,393996699.43242705,891.0,837.0,138.402375281,25.164192432000004,66.92670298699994,23.027696128999995
