county_id,residential_units,job_spaces,job_spaces_added,res_units_added,building_count,acreage_dev,acreage_redev,total_value,value_added_dev,value_added_redev,res_units_added_dev,res_units_added_redev,acreage_dev_res,acreage_dev_nonres,acreage_redev_res,acreage_redev_nonres
3,0.0,0.0,0.0,0.0,0.0,0.0,0.0,691996.384305243,0.0,0.0,0.0,0.0,0.0,0.0,0.0,0.0
11,152676.0,216383.0,2972.0,2461.0,99687.0,161.03473200499994,143.73578946,43121366200.85728,287019787.2209453,410819304.2050513,958.0,1503.0,114.21774940600002,46.816982599,97.58919634700005,46.14659311300001
35,521715.0,1083658.0,11552.0,6731.0,339110.0,626.8341745250004,217.00173563500007,51345286998562.805,1592753946.338012,1513687786.9447389,4563.0,2168.0,424.347109611,202.48706491399994,135.44129804699992,81.56043758799997
49,282138.0,434427.0,9102.0,7637.0,165355.0,1898.389341798999,292.66125806099996,346841269159268.6,2038652304.421374,271739454.9672507,6125.0,1512.0,1711.3690953690004,187.02024643000001,291.92796486599997,0.7332931949999999
57,119766.0,158607.0,1567.0,1878.0,88962.0,151.259024607,79.32490513399999,26713018821.881916,229258487.93706304,190566104.09403753,897.0,981.0,111.51476780400002,39.744256803,72.89437050999997,6.430534624000002
