county_id,residential_units,job_spaces,job_spaces_added,res_units_added,building_count,acreage_dev,acreage_redev,total_value,value_added_dev,value_added_redev,res_units_added_dev,res_units_added_redev,acreage_dev_res,acreage_dev_nonres,acreage_redev_res,acreage_redev_nonres
3,0.0,0.0,0.0,0.0,0.0,0.0,0.0,691996.384305243,0.0,0.0,0.0,0.0,0.0,0.0,0.0,0.0
11,201166.0,267611.0,2038.0,1823.0,102096.0,169.5840720859999,155.955862011,52250297595.964745,253851032.1756182,282502345.9874305,765.0,1058.0,125.59964195699997,43.98443012900002,103.75668653299998,52.199175477999994
35,667278.0,1345734.0,7291.0,6196.0,347790.0,944.6284319580005,317.3669732850005,66047591093548.96,1198356427.0323703,1327035720.2321792,4313.0,1883.0,837.2352254940007,107.39320646400002,185.32115922400013,132.04581406100002
49,475140.0,675873.0,8880.0,8471.0,188896.0,3319.848098964002,984.3431199380004,936243677280.9703,1727491668.9675388,767978385.446919,5878.0,2593.0,3045.947780684002,273.90031828000014,919.7316254130003,64.611494525
57,152813.0,184264.0,257.0,1186.0,90676.0,145.543826429,113.86146886899999,31958799216.722084,80523142.34994407,129102791.00855404,440.0,746.0,141.694718464,3.8491079650000004,104.83879086999998,9.022677999
