county_id,residential_units,job_spaces,job_spaces_added,res_units_added,building_count,acreage_dev,acreage_redev,total_value,value_added_dev,value_added_redev,res_units_added_dev,res_units_added_redev,acreage_dev_res,acreage_dev_nonres,acreage_redev_res,acreage_redev_nonres
3,0.0,0.0,0.0,0.0,0.0,0.0,0.0,691996.384305243,0.0,0.0,0.0,0.0,0.0,0.0,0.0,0.0
11,199343.0,265573.0,2374.0,1792.0,101991.0,124.56747332600001,211.2601039430001,51923504505.275375,278548560.55029964,356883900.0189442,587.0,1205.0,79.03729111400001,45.530182212,152.76375397900006,58.496349964
35,661082.0,1338443.0,15614.0,6017.0,347332.0,1326.020232362001,218.65303422699995,65137599329278.62,1207897189.7242508,1019217138.4140162,3857.0,2160.0,677.1808718169999,648.8393605450001,196.96691667499996,21.686117552000002
49,466669.0,666993.0,15073.0,8315.0,187742.0,3321.7682290200037,806.6472707399998,900058023292.8317,1843437739.6499944,1664902368.140621,6082.0,2233.0,3077.1259763490025,244.64225267100002,720.7257543180001,85.921516422
57,151627.0,184007.0,-79.0,1391.0,90580.0,143.13852986500004,98.61873380200004,31829934119.745125,67167421.54784963,124454569.81386828,391.0,1000.0,136.23825496700007,6.900274898,97.30995020600002,1.308783596
