county_id,residential_units,job_spaces,job_spaces_added,res_units_added,building_count,acreage_dev,acreage_redev,total_value,value_added_dev,value_added_redev,res_units_added_dev,res_units_added_redev,acreage_dev_res,acreage_dev_nonres,acreage_redev_res,acreage_redev_nonres
3,0.0,0.0,0.0,0.0,0.0,0.0,0.0,691996.384305243,0.0,0.0,0.0,0.0,0.0,0.0,0.0,0.0
11,119950.0,173067.0,389.0,2622.0,97634.0,209.64628262900007,74.85770683599998,35900916461.24881,275189796.64810485,138725438.35559732,1733.0,889.0,198.86734094300007,10.778941685999998,67.54497142799997,7.312735408
35,422606.0,865495.0,17322.0,8745.0,332898.0,601.6060123420002,159.12635998400017,24486245713123.8,2117293930.8330078,1988517973.296484,6289.0,2456.0,357.7796837920003,243.82632854999994,104.49999581799995,54.626364166000016
49,189907.0,315829.0,6539.0,7208.0,153437.0,1330.5538022399999,77.20811272800003,47531902310293.2,1745057453.2536995,289033740.489097,6259.0,949.0,1125.3362942339998,205.21750800599997,59.667332424000016,17.540780303999995
57,95004.0,131826.0,990.0,-9.0,87587.0,9.465727937999999,1.476598454,21653899397.979572,109358089.11601599,10835500.13647698,0.0,-9.0,0.0,9.465727937999999,0.0,1.476598454
