county_id,residential_units,job_spaces,job_spaces_added,res_units_added,building_count,acreage_dev,acreage_redev,total_value,value_added_dev,value_added_redev,res_units_added_dev,res_units_added_redev,acreage_dev_res,acreage_dev_nonres,acreage_redev_res,acreage_redev_nonres
3,0.0,0.0,0.0,0.0,0.0,0.0,0.0,691996.384305243,0.0,0.0,0.0,0.0,0.0,0.0,0.0,0.0
11,160617.0,224232.0,2471.0,2722.0,100141.0,253.5302967159999,132.685142521,44787105725.22668,317878966.84653497,327113203.424942,1060.0,1662.0,187.94018311599993,65.59011360000001,105.874620076,26.810522444999997
35,543859.0,1121429.0,11610.0,7445.0,340392.0,684.1050546050004,270.14643770100037,47721027966985.43,1769259858.864187,1316725952.1608706,5161.0,2284.0,455.67392110000003,228.43113350499988,134.42159561799994,135.72484208300003
49,306641.0,463324.0,9579.0,8324.0,168212.0,2227.4708046119986,348.1195797290001,402437662859321.75,2133491382.6737337,343388527.4932371,6888.0,1436.0,2064.820071751001,162.650732861,330.0524095590001,18.06717017
57,125045.0,163449.0,1428.0,1754.0,89248.0,152.30136211,123.26570092500002,27719390236.113285,197728705.9195874,200326223.49939707,739.0,1015.0,118.08410147900001,34.217260630999995,115.24787634400003,8.017824581000001
