county_id,residential_units,job_spaces,job_spaces_added,res_units_added,building_count,acreage_dev,acreage_redev,total_value,value_added_dev,value_added_redev,res_units_added_dev,res_units_added_redev,acreage_dev_res,acreage_dev_nonres,acreage_redev_res,acreage_redev_nonres
3,0.0,0.0,0.0,0.0,0.0,0.0,0.0,691996.384305243,0.0,0.0,0.0,0.0,0.0,0.0,0.0,0.0
11,167969.0,232050.0,2497.0,2360.0,100462.0,171.49351683899997,115.94090110299997,45998550893.61821,394724058.25218576,260992864.06984457,1056.0,1304.0,106.85971645400001,64.63380038500001,99.88349844399997,16.057402659
35,564906.0,1157169.0,7410.0,6795.0,341562.0,577.800576274,285.69429819299984,48813109486396.17,1178296960.7441468,1298030833.4065158,3745.0,3050.0,389.1745401410001,188.626036133,213.07312740400008,72.62117078900002
49,331888.0,490320.0,9003.0,8289.0,171056.0,2082.951262137002,268.7909885579999,170208763755948.12,1927014143.6397293,455749979.80219334,6558.0,1731.0,1911.5156421900026,171.435619947,231.971596179,36.819392379
57,130036.0,168090.0,1392.0,1572.0,89497.0,150.98216709399998,94.129001616,28554796802.664722,153034195.0877961,246266407.55947322,838.0,734.0,122.47602034999998,28.506146744000002,82.90271924700002,11.226282369
