county_id,residential_units,job_spaces,job_spaces_added,res_units_added,building_count,acreage_dev,acreage_redev,total_value,value_added_dev,value_added_redev,res_units_added_dev,res_units_added_redev,acreage_dev_res,acreage_dev_nonres,acreage_redev_res,acreage_redev_nonres
3,0.0,0.0,0.0,0.0,0.0,0.0,0.0,691996.384305243,0.0,0.0,0.0,0.0,0.0,0.0,0.0,0.0
11,172678.0,239338.0,1457.0,2353.0,100701.0,164.51830699599998,145.002747863,46992367168.67548,293181227.052131,340517734.2938923,786.0,1567.0,140.84380141699998,23.674505578999998,131.27404418700004,13.728703676000004
35,578102.0,1182030.0,12069.0,6844.0,342254.0,587.9134450149999,320.60759371999984,51271585645322.17,1602709379.223898,1367115610.6944256,4003.0,2841.0,392.90945274100005,195.00399227400007,150.58682369799996,170.02077002200002
49,348666.0,511451.0,11173.0,8335.0,172909.0,2317.1206618379983,313.36782481600005,191935800234443.6,2408497466.671843,298983223.985427,7131.0,1204.0,2120.8387357660004,196.28192607199998,287.17414827700003,26.193676539000002
57,132959.0,171311.0,1956.0,1317.0,89624.0,107.95562756900003,74.76311199599999,29154167156.326553,144833731.5060542,297134151.1401215,608.0,709.0,81.78775940100002,26.167868168000002,60.47902484300001,14.284087153000002
