county_id,residential_units,job_spaces,job_spaces_added,res_units_added,building_count,acreage_dev,acreage_redev,total_value,value_added_dev,value_added_redev,res_units_added_dev,res_units_added_redev,acreage_dev_res,acreage_dev_nonres,acreage_redev_res,acreage_redev_nonres
3,0.0,0.0,0.0,0.0,0.0,0.0,0.0,691996.384305243,0.0,0.0,0.0,0.0,0.0,0.0,0.0,0.0
11,117328.0,172678.0,-546.0,2776.0,97479.0,169.313830872,79.21582365500001,35576244444.38231,176836815.09264535,89169093.54512855,1509.0,1267.0,169.313830872,0.0,79.21582365500001,0.0
35,413861.0,848173.0,-1792.0,7648.0,332300.0,264.557912686,103.62097625100003,22714932063645.414,819659299.6498594,375465706.9112831,5105.0,2543.0,264.557912686,0.0,103.62097625100003,0.0
49,182699.0,309290.0,-49.0,6400.0,152429.0,878.7945672689998,72.24918565099999,55840684762066.8,833047257.4439831,227509457.88573092,5154.0,1246.0,873.3227731839999,5.471794084999999,71.58603117899999,0.663154472
57,95013.0,130836.0,0.0,0.0,87578.0,0.0,0.0,21599179288.99771,0.0,0.0,0.0,0.0,0.0,0.0,0.0,0.0
