county_id,residential_units,job_spaces,job_spaces_added,res_units_added,building_count,acreage_dev,acreage_redev,total_value,value_added_dev,value_added_redev,res_units_added_dev,res_units_added_redev,acreage_dev_res,acreage_dev_nonres,acreage_redev_res,acreage_redev_nonres
3,0.0,0.0,0.0,0.0,0.0,0.0,0.0,691996.384305243,0.0,0.0,0.0,0.0,0.0,0.0,0.0,0.0
11,165609.0,229553.0,1729.0,2091.0,100358.0,92.72223475999998,120.39743867399997,45790614523.21326,257597333.22532204,333103424.0978845,539.0,1552.0,67.13857217399999,25.583662586000003,103.57407658699995,16.823362087
35,558111.0,1149759.0,15612.0,7015.0,341196.0,617.9313198209994,271.65662051900017,47630045812514.43,1459658564.253957,2489068215.276435,4037.0,2978.0,388.45492468599974,229.4763951350001,177.93537808500002,93.72124243400002
49,323599.0,481317.0,10434.0,8515.0,170167.0,1905.6001556939996,303.116395876,162131415296705.8,2107621003.7896209,514376398.0341071,6319.0,2196.0,1728.529478214,177.07067747999997,292.37582229400005,10.740573582
57,128464.0,166698.0,751.0,1691.0,89388.0,105.98901698399997,66.89744164400003,28389197206.53961,155448807.5585637,149256166.9005589,705.0,986.0,78.70787338199996,27.281143602,65.944950859,0.952490785
