county_id,residential_units,job_spaces,job_spaces_added,res_units_added,building_count,acreage_dev,acreage_redev,total_value,value_added_dev,value_added_redev,res_units_added_dev,res_units_added_redev,acreage_dev_res,acreage_dev_nonres,acreage_redev_res,acreage_redev_nonres
3,0.0,0.0,0.0,0.0,0.0,0.0,0.0,691996.384305243,0.0,0.0,0.0,0.0,0.0,0.0,0.0,0.0
11,170325.0,237881.0,5831.0,2356.0,100579.0,385.8953878950002,153.92556607800006,46513911546.99438,324555663.98107046,329323773.1059653,842.0,1514.0,145.69589465099997,240.19949324399997,128.88969379600002,25.035872282
35,571258.0,1169961.0,12792.0,6352.0,341927.0,649.9541074419994,326.88779154500014,49942028410935.62,1356506095.889549,1764368501.3582947,3646.0,2706.0,402.37491662299993,247.579190819,213.33610536500007,113.55168618000008
49,340331.0,500278.0,9958.0,8443.0,171983.0,2264.1450578619983,264.25404951,179775972480998.03,2276747698.2486825,311337381.1512313,6976.0,1467.0,2046.0664780399995,218.07857982199997,259.936917806,4.317131704
57,131642.0,169355.0,1265.0,1606.0,89564.0,91.751298799,121.76019819800004,28799131608.874798,183663165.04141036,146929521.93329313,426.0,1180.0,63.22012346199999,28.531175337000008,116.72381711900005,5.036381079
