county_id,residential_units,job_spaces,job_spaces_added,res_units_added,building_count,acreage_dev,acreage_redev,total_value,value_added_dev,value_added_redev,res_units_added_dev,res_units_added_redev,acreage_dev_res,acreage_dev_nonres,acreage_redev_res,acreage_redev_nonres
3,0.0,0.0,0.0,0.0,0.0,0.0,0.0,691996.384305243,0.0,0.0,0.0,0.0,0.0,0.0,0.0,0.0
11,140583.0,201680.0,3813.0,2373.0,99006.0,236.19782107199993,68.77896634699998,40323133704.48643,543376325.6792303,197505701.5777646,1458.0,915.0,150.16900036099997,86.02882071099997,58.23595426699998,10.54301208
35,487071.0,1019855.0,14825.0,6659.0,337307.0,531.5691932730002,141.740632529,33312646978630.38,1993178048.4017088,1607072702.599876,4804.0,1855.0,322.53666412600006,209.03252914699996,66.058299331,75.682333198
49,245342.0,391661.0,10192.0,7006.0,160799.0,1546.0567932080012,129.043025726,55425711453105.19,2147749311.1800914,217918068.6309654,6037.0,969.0,1328.0421267590013,218.01466644900012,119.69815675199997,9.344868974
57,110493.0,150807.0,4275.0,1833.0,88499.0,116.368425911,208.27385547899993,24843688689.43647,299379940.55770355,200036645.27313438,801.0,1032.0,99.597004277,16.771421634,64.17905168999998,144.09480378900003
