county_id,residential_units,job_spaces,job_spaces_added,res_units_added,building_count,acreage_dev,acreage_redev,total_value,value_added_dev,value_added_redev,res_units_added_dev,res_units_added_redev,acreage_dev_res,acreage_dev_nonres,acreage_redev_res,acreage_redev_nonres
3,0.0,0.0,0.0,0.0,0.0,0.0,0.0,691996.384305243,0.0,0.0,0.0,0.0,0.0,0.0,0.0,0.0
11,192439.0,257160.0,3518.0,1745.0,101656.0,182.15483703800004,187.38418290200008,50240436225.38265,348786731.59524035,232223349.34010276,688.0,1057.0,114.52103662100004,67.63380041699999,107.0488406489999,80.335342253
35,637147.0,1290840.0,10360.0,5651.0,345832.0,819.3443676509999,318.459114877,48656360132260.586,1185728176.1631348,1256855170.5778127,3497.0,2154.0,561.740444879,257.6039227719999,196.49353308899992,121.96558178800011
49,433243.0,620091.0,14366.0,8349.0,183396.0,2843.193100797003,560.3079615969998,988305521669.0857,2885973962.3687882,462128390.65130126,6440.0,1909.0,2644.1361098910043,199.05699090599998,531.5852885199998,28.722673077000003
57,146954.0,181846.0,448.0,1164.0,90329.0,97.037914382,70.91919477600001,31133889258.21294,100184576.1228328,109655839.34469599,561.0,603.0,85.61199033100002,11.425924050999999,66.258132225,4.6610625510000006
