county_id,residential_units,job_spaces,job_spaces_added,res_units_added,building_count,acreage_dev,acreage_redev,total_value,value_added_dev,value_added_redev,res_units_added_dev,res_units_added_redev,acreage_dev_res,acreage_dev_nonres,acreage_redev_res,acreage_redev_nonres
3,0.0,0.0,0.0,0.0,0.0,0.0,0.0,691996.384305243,0.0,0.0,0.0,0.0,0.0,0.0,0.0,0.0
11,142928.0,206759.0,5079.0,2345.0,99135.0,219.01178192900002,81.98370103900001,40938285847.76485,675874358.0212153,134331180.54554635,1531.0,814.0,131.16479609,87.846985839,71.90523598599997,10.078465053
35,494039.0,1033745.0,13890.0,6968.0,337718.0,563.7963305970002,152.051958035,34810083712632.004,1807168247.2074444,1542973306.1513994,4879.0,2089.0,358.30478709899995,205.49154349799994,100.64214800900002,51.409810025999974
49,252459.0,398711.0,7050.0,7117.0,161619.0,1562.558979799998,124.19079675099997,59587246894248.98,1802840812.554659,240888435.91849107,6207.0,910.0,1343.6234990709993,218.935480729,103.416578721,20.77421803
57,112553.0,151960.0,1153.0,2060.0,88584.0,128.91578124699998,90.96523463300002,25207492513.836132,252616268.74998453,192643009.98187262,1051.0,1009.0,118.30306855099997,10.612712696,83.87187253100004,7.0933621019999995
