county_id,residential_units,job_spaces,job_spaces_added,res_units_added,building_count,acreage_dev,acreage_redev,total_value,value_added_dev,value_added_redev,res_units_added_dev,res_units_added_redev,acreage_dev_res,acreage_dev_nonres,acreage_redev_res,acreage_redev_nonres
3,0.0,0.0,0.0,0.0,0.0,0.0,0.0,691996.384305243,0.0,0.0,0.0,0.0,0.0,0.0,0.0,0.0
11,133243.0,190044.0,3470.0,2445.0,98465.0,205.24110138600003,161.98658882000012,38564602774.22447,410914452.90365666,318277582.66777456,1558.0,887.0,162.10494150900004,43.13615987700001,112.904753355,49.08183546499999
35,465867.0,974513.0,19423.0,8130.0,335923.0,682.5225851029996,175.92257771200008,29195643622179.664,1857729532.7660315,2424018907.5595746,5595.0,2535.0,395.1368870710001,287.38569803199994,115.04674621400004,60.87583149800002
49,224462.0,364103.0,8778.0,6839.0,157983.0,1624.9697111390003,137.68185297800002,42866613057092.48,1810773675.1567562,297588869.08246297,6033.0,806.0,1323.3983506539996,301.57136048499996,107.92601819300003,29.755834785000005
57,104651.0,142053.0,2380.0,2017.0,88129.0,164.385540109,76.23367787299999,23648575288.596474,333303978.7367986,180417627.8503451,945.0,1072.0,110.647578034,53.737962075,68.39355889800001,7.840118975
