county_id,residential_units,job_spaces,job_spaces_added,res_units_added,building_count,acreage_dev,acreage_redev,total_value,value_added_dev,value_added_redev,res_units_added_dev,res_units_added_redev,acreage_dev_res,acreage_dev_nonres,acreage_redev_res,acreage_redev_nonres
3,0.0,0.0,0.0,0.0,0.0,0.0,0.0,691996.384305243,0.0,0.0,0.0,0.0,0.0,0.0,0.0,0.0
11,214757.0,284649.0,1438.0,1993.0,102860.0,146.60777254499996,238.07742943699978,55440969537.61528,178967826.69797567,318671334.2665061,652.0,1341.0,111.178729942,35.429042603,186.8957816849999,51.18164775199999
35,708981.0,1396480.0,7499.0,6028.0,352173.0,1889.6822434629998,750.4527253960001,73177526679456.22,882163911.466505,1324229634.2388146,3678.0,2350.0,1746.3714609,143.310782563,623.5131185949996,126.93960680100002
49,492800.0,766057.0,14544.0,-487.0,192693.0,248.7525272059999,184.663087484,1178512436988.206,687287272.9980472,1145147823.277573,2.0,-489.0,10.0,238.7525272059999,47.273081688000005,137.390005796
57,161657.0,187764.0,1026.0,1340.0,91196.0,151.079828029,153.140747934,33231016724.56816,75621511.96002531,258151604.88944235,465.0,875.0,143.094970781,7.984857248,137.23270033,15.908047603999998
