county_id,residential_units,job_spaces,job_spaces_added,res_units_added,building_count,acreage_dev,acreage_redev,total_value,value_added_dev,value_added_redev,res_units_added_dev,res_units_added_redev,acreage_dev_res,acreage_dev_nonres,acreage_redev_res,acreage_redev_nonres
3,0.0,0.0,0.0,0.0,0.0,0.0,0.0,691996.384305243,0.0,0.0,0.0,0.0,0.0,0.0,0.0,0.0
11,181522.0,242223.0,703.0,2075.0,101074.0,124.71816247699998,148.594193674,48481182145.662155,133082843.69645831,294045812.8636252,501.0,1574.0,99.861343007,24.85681947,113.92722895199994,34.666964722
35,603074.0,1226584.0,10287.0,5785.0,343483.0,629.19407391,326.1695269939999,56179037941037.98,1235957858.3129466,1274144109.6607518,3517.0,2268.0,454.63846480999996,174.55560910000003,155.632732049,170.53679494500008
49,382466.0,551148.0,7836.0,8434.0,176952.0,2483.8923227990012,398.88178433000013,254981680912824.22,2036859809.773262,386101373.3716465,6931.0,1503.0,2352.6831488300013,131.209173969,361.30891560599997,37.572868724
57,139393.0,176303.0,1356.0,1550.0,89930.0,150.68831329000005,63.085952087,30308219445.340393,205873417.98334453,172410764.75483418,661.0,889.0,119.98928807100005,30.699025219,59.41475479300001,3.671197294
