county_id,residential_units,job_spaces,job_spaces_added,res_units_added,building_count,acreage_dev,acreage_redev,total_value,value_added_dev,value_added_redev,res_units_added_dev,res_units_added_redev,acreage_dev_res,acreage_dev_nonres,acreage_redev_res,acreage_redev_nonres
3,0.0,0.0,0.0,0.0,0.0,0.0,0.0,691996.384305243,0.0,0.0,0.0,0.0,0.0,0.0,0.0,0.0
11,190694.0,253642.0,2169.0,1676.0,101555.0,97.25670459700001,169.77978086299996,49828001371.83189,147638596.32651266,386853496.1246208,585.0,1091.0,76.47082800000001,20.785876597,104.94021168499995,64.839569178
35,631496.0,1280480.0,10611.0,5789.0,345393.0,788.5844539410004,324.1059459840001,47657052798786.56,1235311641.2283213,1469873717.781214,3685.0,2104.0,565.4082960220001,223.17615791900005,182.12158516100004,141.98436082300017
49,424894.0,605725.0,7834.0,8391.0,182301.0,2874.202453705999,452.2116595140002,931284544719.4557,2115658005.2385917,354632539.53760964,6759.0,1632.0,2704.9971076139996,169.20534609200007,445.6964897590001,6.5151697550000005
57,145790.0,181398.0,555.0,1201.0,90264.0,85.778108223,71.944461908,31013362011.984734,90805260.25927734,153076521.93903917,400.0,801.0,74.15000314100001,11.628105082,69.04736204099999,2.8970998669999997
