county_id,residential_units,job_spaces,job_spaces_added,res_units_added,building_count,acreage_dev,acreage_redev,total_value,value_added_dev,value_added_redev,res_units_added_dev,res_units_added_redev,acreage_dev_res,acreage_dev_nonres,acreage_redev_res,acreage_redev_nonres
3,0.0,0.0,0.0,0.0,0.0,0.0,0.0,691996.384305243,0.0,0.0,0.0,0.0,0.0,0.0,0.0,0.0
11,196015.0,261379.0,2308.0,1893.0,101808.0,156.47122653,131.61135616100006,51056728308.90273,302993584.64147055,211071187.5918003,535.0,1358.0,104.61106621,51.860160320000006,110.67694520600003,20.934410955
35,648535.0,1317876.0,6081.0,5650.0,346609.0,706.8210792819999,274.454496472,63480056931130.99,795012702.4072316,1074485124.8888967,3385.0,2265.0,576.9036433080003,129.91743597399997,194.99554756099997,79.458948911
49,450256.0,640730.0,12068.0,8536.0,185595.0,2931.386554466999,598.7977387299998,849489238573.1553,1742780735.1753998,1274817671.2748802,6143.0,2393.0,2675.288872490001,256.0976819770001,553.9326501099999,44.86508862
57,149375.0,182653.0,271.0,1232.0,90474.0,130.83659476299997,126.10440625000003,31490110102.3917,98537280.72130796,135357621.51179537,465.0,767.0,128.05776367899998,2.778831084,117.82797278300002,8.276433467000002
