county_id,residential_units,job_spaces,job_spaces_added,res_units_added,building_count,acreage_dev,acreage_redev,total_value,value_added_dev,value_added_redev,res_units_added_dev,res_units_added_redev,acreage_dev_res,acreage_dev_nonres,acreage_redev_res,acreage_redev_nonres
3,0.0,0.0,0.0,0.0,0.0,0.0,0.0,691996.384305243,0.0,0.0,0.0,0.0,0.0,0.0,0.0,0.0
11,128115.0,182865.0,3989.0,2612.0,98130.0,233.11096084200003,150.063171527,37360423423.73623,445323302.7458763,293090628.7245664,1628.0,984.0,171.337740988,61.77321985399999,97.603991121,52.459180405999994
35,449051.0,933739.0,20366.0,8452.0,334857.0,636.0718518810003,227.85813893899987,30158814827131.24,1904547277.270979,3116126002.143762,5182.0,3270.0,363.9652624899997,272.10658939100006,142.89295308100012,84.965185858
49,210569.0,346271.0,9166.0,6572.0,156185.0,1388.8258979929994,100.93228179399995,65681723900884.02,1845445149.354652,325400032.9214238,5460.0,1112.0,1062.8260918549995,325.999806138,78.03108759099996,22.901194202999996
57,100320.0,137375.0,2556.0,2243.0,87871.0,156.01327052200008,118.93334534400003,22704253368.703114,299051086.8002653,189568845.61765897,1204.0,1039.0,117.36116724200002,38.65210328,80.11093608800003,38.822409256
