county_id,residential_units,job_spaces,job_spaces_added,res_units_added,building_count,acreage_dev,acreage_redev,total_value,value_added_dev,value_added_redev,res_units_added_dev,res_units_added_redev,acreage_dev_res,acreage_dev_nonres,acreage_redev_res,acreage_redev_nonres
3,0.0,0.0,0.0,0.0,0.0,0.0,0.0,691996.384305243,0.0,0.0,0.0,0.0,0.0,0.0,0.0,0.0
11,197551.0,263199.0,1820.0,1536.0,101907.0,144.40895677100002,134.09597705599998,51465258397.41425,261874898.48722836,207960903.22448087,602.0,934.0,87.33233431400001,57.07662245699999,107.14768791799999,26.948289138000003
35,655065.0,1322829.0,4953.0,6530.0,346984.0,747.0525782190001,327.0934283279998,64291144491036.54,940972386.03631,1034238996.9300908,3927.0,2603.0,649.586878566,97.46569965299999,265.64308312100013,61.450345207
49,458354.0,651920.0,11190.0,8098.0,186661.0,3185.225237331001,647.163007679,876277056581.1636,2139138795.8935406,584624994.7900918,6300.0,1798.0,2948.780089390001,236.445147941,588.2171934780001,58.945814201
57,150236.0,184086.0,1433.0,861.0,90516.0,114.73505675400001,90.31649019000001,31734516121.621128,115622496.55426806,210779424.8101439,348.0,513.0,105.03427649900001,9.700780255,69.34816881199998,20.968321378
