county_id,residential_units,job_spaces,job_spaces_added,res_units_added,building_count,acreage_dev,acreage_redev,total_value,value_added_dev,value_added_redev,res_units_added_dev,res_units_added_redev,acreage_dev_res,acreage_dev_nonres,acreage_redev_res,acreage_redev_nonres
3,0.0,0.0,0.0,0.0,0.0,0.0,0.0,691996.384305243,0.0,0.0,0.0,0.0,0.0,0.0,0.0,0.0
11,210604.0,280483.0,2825.0,1890.0,102641.0,176.27893604300002,226.71582340600017,54463993230.290146,278453110.38186294,392934982.23546106,736.0,1154.0,134.067548795,42.21138724800001,166.596751068,60.119072338
35,697102.0,1380877.0,8329.0,5425.0,350423.0,1258.413309877,406.8885222150001,71361019628372.53,981427807.2706343,1136868595.6323545,3933.0,1492.0,1071.188843437,187.22446643999993,278.1911011449999,128.6974210699999
49,493024.0,738191.0,13085.0,672.0,192417.0,409.87830564299986,236.27208462599998,1109643387108.1326,751712987.2323238,990638231.6145353,22.0,650.0,109.45838811,300.419917533,177.065428092,59.206656534
57,159031.0,186276.0,293.0,1240.0,91042.0,117.742547027,97.473909567,32776506916.836792,59897395.3340334,172755638.7678102,336.0,904.0,117.30364896299999,0.438898064,92.033651953,5.440257614
