county_id,residential_units,job_spaces,job_spaces_added,res_units_added,building_count,acreage_dev,acreage_redev,total_value,value_added_dev,value_added_redev,res_units_added_dev,res_units_added_redev,acreage_dev_res,acreage_dev_nonres,acreage_redev_res,acreage_redev_nonres
3,0.0,0.0,0.0,0.0,0.0,0.0,0.0,691996.384305243,0.0,0.0,0.0,0.0,0.0,0.0,0.0,0.0
11,187386.0,249590.0,2826.0,1948.0,101375.0,97.70836115999998,110.92417731,49730836091.6918,193039650.30234343,436849757.55898696,244.0,1704.0,43.169359699999994,54.53900146000001,71.98644602900004,38.937731281
35,620381.0,1258642.0,9490.0,5954.0,344580.0,632.4482419079999,491.1949338089998,45886328031825.35,952463635.4364185,1665994709.6715014,2692.0,3262.0,428.69194806499996,203.75629384299998,348.944886327,142.25004748199996
49,408118.0,584022.0,10809.0,8514.0,180236.0,2756.558087135001,549.9366614679998,231597589941497.4,2243419131.8144903,526041223.5781004,6715.0,1799.0,2555.122114621001,201.43597251399999,522.276292401,27.660369066999998
57,143290.0,179863.0,488.0,1303.0,90153.0,141.88962935499998,99.76075444799993,30967523448.563026,115746267.8954964,140824610.2264503,464.0,839.0,124.778242019,17.111387336,97.64495191399993,2.1158025339999997
