county_id,residential_units,job_spaces,job_spaces_added,res_units_added,building_count,acreage_dev,acreage_redev,total_value,value_added_dev,value_added_redev,res_units_added_dev,res_units_added_redev,acreage_dev_res,acreage_dev_nonres,acreage_redev_res,acreage_redev_nonres
3,0.0,0.0,0.0,0.0,0.0,0.0,0.0,691996.384305243,0.0,0.0,0.0,0.0,0.0,0.0,0.0,0.0
11,135807.0,193938.0,3894.0,2564.0,98638.0,241.79243987400002,169.36525772099992,39175819879.26251,488005193.13281965,303998534.0565544,1218.0,1346.0,145.97288750400006,95.81955236999998,156.90130383099995,12.463953890000003
35,473287.0,990286.0,15773.0,7420.0,336408.0,654.9097438219998,144.15402140599997,30658647087640.98,1789067868.3078983,1835117997.083728,5414.0,2006.0,403.9557547449998,250.95398907699996,106.64643817299994,37.507583233000005
49,231347.0,373876.0,9773.0,6885.0,158945.0,1756.2687006799988,195.497617689,46647268885060.32,1843863376.167341,344987461.26401675,6098.0,787.0,1419.266857227999,337.00184345199995,147.361496264,48.136121425
57,106709.0,145023.0,2970.0,2058.0,88279.0,171.01273953799998,123.46586242300002,24074994866.502853,283142499.67423296,212725660.37788507,1011.0,1047.0,126.82675389600001,44.185985642000006,66.219643967,57.24621845600001
