county_id,residential_units,job_spaces,job_spaces_added,res_units_added,building_count,acreage_dev,acreage_redev,total_value,value_added_dev,value_added_redev,res_units_added_dev,res_units_added_redev,acreage_dev_res,acreage_dev_nonres,acreage_redev_res,acreage_redev_nonres
3,0.0,0.0,0.0,0.0,0.0,0.0,0.0,691996.384305243,0.0,0.0,0.0,0.0,0.0,0.0,0.0,0.0
11,185438.0,246764.0,1952.0,1959.0,101307.0,147.58888914099995,137.58677879699988,49350594599.168465,209550072.76852816,346280168.92646754,632.0,1327.0,97.17225498299997,50.416634158000015,113.28297612999992,24.303802666999996
35,614427.0,1249152.0,11355.0,5505.0,344217.0,740.0107502910001,321.066751581,58789759771195.05,1203387943.7245214,1341163971.1426833,3512.0,1993.0,484.50818619799986,255.50256409300005,197.16555343300013,123.90119814800003
49,399604.0,573213.0,10566.0,8558.0,179174.0,2737.970868451002,413.744304082,297086234208651.94,2060952131.5221713,688608745.5853784,7129.0,1429.0,2548.1628127130016,189.80805573800006,395.1724290149999,18.571875066999997
57,141987.0,179375.0,1437.0,1329.0,90069.0,134.83989135899998,71.136921606,30833042302.12722,177132558.7851704,184562615.60561767,670.0,659.0,105.58537222899996,29.25451913,55.559021474,15.577900132
