county_id,residential_units,job_spaces,job_spaces_added,res_units_added,building_count,acreage_dev,acreage_redev,total_value,value_added_dev,value_added_redev,res_units_added_dev,res_units_added_redev,acreage_dev_res,acreage_dev_nonres,acreage_redev_res,acreage_redev_nonres
3,0.0,0.0,0.0,0.0,0.0,0.0,0.0,691996.384305243,0.0,0.0,0.0,0.0,0.0,0.0,0.0,0.0
11,147726.0,210340.0,2963.0,2047.0,99387.0,209.37470171899994,97.814405166,42059584285.99709,318498005.49215406,313575231.2404003,1264.0,783.0,140.838896884,68.53580483500001,81.79935820300001,16.015046963000003
35,507938.0,1059459.0,12399.0,6961.0,338320.0,517.0494066470002,168.83074726799998,48563195274050.67,1705559364.054158,1553651985.1895869,4700.0,2261.0,336.84119560899995,180.20821103799997,107.79474705899999,61.03600020900002
49,266999.0,417692.0,8812.0,7318.0,163525.0,1832.8253113540004,159.131067842,315681997618639.2,2179096856.339094,164179953.41601986,6601.0,717.0,1661.701853864001,171.12345749,120.40436531599994,38.726702526000004
57,116083.0,155316.0,1916.0,1769.0,88737.0,120.187205848,69.89121243800001,25993458266.22257,224644735.02760658,238329901.68007502,909.0,860.0,79.48821216500001,40.698993683000005,54.901556430999996,14.989656007000002
