county_id,residential_units,job_spaces,job_spaces_added,res_units_added,building_count,acreage_dev,acreage_redev,total_value,value_added_dev,value_added_redev,res_units_added_dev,res_units_added_redev,acreage_dev_res,acreage_dev_nonres,acreage_redev_res,acreage_redev_nonres
3,0.0,0.0,0.0,0.0,0.0,0.0,0.0,691996.384305243,0.0,0.0,0.0,0.0,0.0,0.0,0.0,0.0
11,157895.0,221761.0,2448.0,2617.0,99987.0,211.37001883000008,191.65527072700002,44306076891.16353,340243546.67078537,409919502.98993284,1043.0,1574.0,164.4202759000001,46.94974293,163.6485916100001,28.006679116999997
35,536414.0,1109819.0,13709.0,7271.0,339970.0,683.1269613579996,218.78426309099996,46683560124118.96,1794826384.045785,1505792758.8567393,4889.0,2382.0,458.13809822899987,224.98886312899998,145.21391630800002,73.57034678300002
49,298317.0,453745.0,9796.0,8255.0,167293.0,2280.5778077409996,316.8030959,382578314962271.6,2199219629.750985,288524730.94353783,6966.0,1289.0,2079.4766218429995,201.101185898,300.79814750300005,16.004948397000003
57,123291.0,162021.0,1646.0,1773.0,89136.0,128.02228937499999,83.088017402,27412462842.48355,199381630.87999493,226483735.36561313,703.0,1070.0,96.55618129000001,31.466108085000005,72.623120999,10.464896403
