county_id,residential_units,job_spaces,job_spaces_added,res_units_added,building_count,acreage_dev,acreage_redev,total_value,value_added_dev,value_added_redev,res_units_added_dev,res_units_added_redev,acreage_dev_res,acreage_dev_nonres,acreage_redev_res,acreage_redev_nonres
3,0.0,0.0,0.0,0.0,0.0,0.0,0.0,691996.384305243,0.0,0.0,0.0,0.0,0.0,0.0,0.0,0.0
11,206765.0,275657.0,2740.0,1803.0,102425.0,186.11737005599997,169.84335369800002,53500440492.49241,234700685.86151397,386870393.2151554,686.0,1117.0,126.97513782599997,59.14223222999999,129.942263028,39.90109066999999
35,685622.0,1364812.0,5377.0,5605.0,349158.0,968.7583981860001,369.48636959000015,69202404932952.336,939902736.0462576,1217238307.2437541,3782.0,1823.0,877.1419476160003,91.61645057,246.48118124599995,123.005188344
49,491297.0,713010.0,12846.0,866.0,191997.0,484.772861704,377.70496593599995,1044136714470.4637,1014507138.925157,625361259.6256907,36.0,830.0,106.86482861,377.90803309399985,326.344984786,51.359981149999996
57,156552.0,185509.0,353.0,1231.0,90883.0,154.214833662,107.90915563100002,32451673192.321873,104764500.88636166,129489963.38059324,396.0,835.0,145.439633817,8.775199845,107.57262850700002,0.336527124
