county_id,residential_units,job_spaces,job_spaces_added,res_units_added,building_count,acreage_dev,acreage_redev,total_value,value_added_dev,value_added_redev,res_units_added_dev,res_units_added_redev,acreage_dev_res,acreage_dev_nonres,acreage_redev_res,acreage_redev_nonres
3,0.0,0.0,0.0,0.0,0.0,0.0,0.0,691996.384305243,0.0,0.0,0.0,0.0,0.0,0.0,0.0,0.0
11,122770.0,175292.0,2225.0,2820.0,97786.0,235.64497867899996,99.35647218599999,36394167239.73325,450515905.2503853,176214905.75883007,1731.0,1089.0,182.02077306599995,53.62420561300001,91.96675173399998,7.389720452000001
35,431596.0,890325.0,24830.0,8990.0,333692.0,835.5135982460002,192.37490961800003,26393558482623.223,2877843981.258093,2343308938.1487103,6135.0,2855.0,416.506335866,419.00726238,127.57110816099994,64.80380145699999
49,197151.0,326899.0,11070.0,7244.0,154461.0,1572.9511239600004,108.56359878499998,54063498041117.74,2139284064.869059,274492478.0447555,6400.0,844.0,1180.6093073000002,392.3418166600002,88.74759167799999,19.816007107
57,95732.0,133348.0,1522.0,728.0,87620.0,37.729653879000004,37.750679477,21920518394.660446,117035335.83568253,207900035.84673366,449.0,279.0,29.260983093000004,8.468670786,15.752365563000001,21.998313914
