county_id,residential_units,job_spaces,job_spaces_added,res_units_added,building_count,acreage_dev,acreage_redev,total_value,value_added_dev,value_added_redev,res_units_added_dev,res_units_added_redev,acreage_dev_res,acreage_dev_nonres,acreage_redev_res,acreage_redev_nonres
3,0.0,0.0,0.0,0.0,0.0,0.0,0.0,691996.384305243,0.0,0.0,0.0,0.0,0.0,0.0,0.0,0.0
11,155278.0,219313.0,2930.0,2602.0,99842.0,257.10469905,113.128404401,43706159044.491905,400211637.9097303,332745723.30257076,1448.0,1154.0,207.67507303300002,49.42962601700001,90.67018280399999,22.458221597
35,529143.0,1096110.0,12452.0,7428.0,339511.0,607.0810720530004,262.29612019900003,52817562140364.4,1440001082.0549033,1805366585.7875352,4064.0,3364.0,379.48891397399996,227.5921580790001,176.33053081399999,85.96558938500003
49,290062.0,443949.0,9522.0,7924.0,166322.0,2030.6135914140004,317.11934871799997,363680367929047.1,1845889996.3886197,571821627.139678,6192.0,1732.0,1853.179936222,177.43365519200003,300.11671324699995,17.002635471
57,121518.0,160375.0,1768.0,1752.0,89029.0,129.22173371400007,113.81780281300001,27082380021.18116,164501614.2121473,291241991.2126834,437.0,1315.0,91.23152088800002,37.990212826000004,99.759950854,14.057851958999999
