county_id,residential_units,job_spaces,job_spaces_added,res_units_added,building_count,acreage_dev,acreage_redev,total_value,value_added_dev,value_added_redev,res_units_added_dev,res_units_added_redev,acreage_dev_res,acreage_dev_nonres,acreage_redev_res,acreage_redev_nonres
3,0.0,0.0,0.0,0.0,0.0,0.0,0.0,691996.384305243,0.0,0.0,0.0,0.0,0.0,0.0,0.0,0.0
11,212764.0,283211.0,2728.0,2160.0,102752.0,171.117122517,262.235823174,55048274669.77793,301803517.59594136,382595795.6709705,648.0,1512.0,117.89695786899996,53.22016464800001,179.61103018400007,82.62479299
35,702953.0,1388981.0,8104.0,5851.0,351202.0,1579.7974885150004,489.05025151100006,72163902720810.77,1075488305.7195106,1134346369.8917282,4319.0,1532.0,1409.8954896620005,169.901998853,371.5822600280002,117.46799148300002
49,493287.0,751513.0,13322.0,263.0,192558.0,324.04550549600015,119.19223017000003,1142582158451.4001,510895162.9260336,1266457648.439025,17.0,246.0,84.999999999,239.04550549700005,41.58633143599999,77.605898734
57,160317.0,186738.0,462.0,1286.0,91112.0,153.98604126399994,115.83951069099999,32972751735.500046,90939127.62287621,170421097.21815005,484.0,802.0,147.61946568599993,6.366575578,106.01526431199999,9.824246379
