county_id,residential_units,job_spaces,job_spaces_added,res_units_added,building_count,acreage_dev,acreage_redev,total_value,value_added_dev,value_added_redev,res_units_added_dev,res_units_added_redev,acreage_dev_res,acreage_dev_nonres,acreage_redev_res,acreage_redev_nonres
3,0.0,0.0,0.0,0.0,0.0,0.0,0.0,691996.384305243,0.0,0.0,0.0,0.0,0.0,0.0,0.0,0.0
11,183479.0,244812.0,2589.0,1957.0,101192.0,153.05981509499995,161.93079994599992,48963629130.61813,356707041.0986572,267433609.86840996,557.0,1400.0,81.654095655,71.40571944000001,145.445865036,16.48493491
35,608922.0,1237797.0,11213.0,5848.0,343855.0,715.7608696399998,288.81779852300014,57362426766295.26,1382541816.715741,1384842773.35084,3629.0,2219.0,437.0459722150001,278.71489742499995,174.36345341800003,114.45434510500006
49,391046.0,562647.0,11499.0,8580.0,178101.0,2758.290001826001,426.94136950599983,274796969624284.28,2508635619.993604,350489543.19856006,7160.0,1420.0,2581.702750115003,176.58725171100005,403.369160176,23.572209329999996
57,140658.0,177938.0,1635.0,1265.0,89997.0,147.16819295899995,81.219263823,30568283838.635624,170636191.58283478,178435351.79453954,552.0,713.0,107.38572732600001,39.78246563300001,73.907890397,7.311373425999999
