county_id,residential_units,job_spaces,job_spaces_added,res_units_added,building_count,acreage_dev,acreage_redev,total_value,value_added_dev,value_added_redev,res_units_added_dev,res_units_added_redev,acreage_dev_res,acreage_dev_nonres,acreage_redev_res,acreage_redev_nonres
3,0.0,0.0,0.0,0.0,0.0,0.0,0.0,691996.384305243,0.0,0.0,0.0,0.0,0.0,0.0,0.0,0.0
11,202820.0,270471.0,2860.0,1654.0,102201.0,184.50021486299994,176.02588379299985,52661555419.59338,245692677.44547328,353488300.97756934,649.0,1005.0,121.24019834400002,63.260016519,140.64533387299994,35.38054991999999
35,673459.0,1353545.0,7811.0,6181.0,348228.0,901.7278618970003,315.1721088640001,67019306319085.375,1104675170.538392,1530498760.8887095,4196.0,1985.0,811.7934886659996,89.934373231,195.00996337900006,120.16214548499998
49,483721.0,687916.0,12043.0,8581.0,190284.0,4016.5826366800015,976.2218542800001,970670262686.4762,1996412486.0003014,964192967.20398,6309.0,2272.0,3712.273434210001,304.3092024700001,892.594072957,83.627781323
57,154076.0,184706.0,442.0,1263.0,90740.0,102.79283812399999,93.20943834099998,32143963656.526306,103271813.37347825,162686189.52493194,514.0,749.0,99.398646649,3.3941914749999995,86.49377620499997,6.715662136000001
